residue_name,0,1,2,3,4
C_ARG34,C_LEU340,C_GLN35,,,
C_GLN35,C_CYS51,C_LEU36,C_ILE337,C_LEU312,
C_LEU36,C_GLN37,,,,
C_GLN37,C_PHE38,,,,
C_PHE38,C_TYR39,,,,
C_TYR39,C_ARG48,C_ARG40,,,
C_ARG40,C_CYS51,C_GLU315,C_ASN41,C_VAL49,
C_ASN41,C_LEU42,,,,
C_LEU42,C_LEU47,C_SER45,C_GLY43,,
C_GLY43,C_LYS44,,,,
C_LYS44,C_SER45,,,,
C_SER45,C_GLY46,,,,
C_GLY46,C_LEU47,,,,
C_LEU47,C_ARG48,,,,
C_ARG48,C_VAL49,,,,
C_VAL49,C_SER50,,,,
C_SER50,C_CYS51,C_LEU52,C_SER319,,
C_CYS51,C_LEU52,C_VAL320,,,
C_LEU52,C_GLY53,C_ILE337,,,
C_GLY53,C_LEU54,C_VAL320,C_LEU322,,
C_LEU54,C_GLY55,,,,
C_GLY55,C_THR56,,,,
C_THR56,C_TRP57,C_PHE60,C_ASP85,,
C_TRP57,C_THR59,C_VAL58,C_TYR90,,
C_VAL58,C_THR59,,,,
C_THR59,C_PHE60,C_GLN63,,,
C_PHE60,C_ALA69,C_GLY61,C_VAL98,,
C_GLY61,C_GLY62,,,,
C_GLY62,C_GLN63,,,,
C_GLN63,C_ILE64,,,,
C_ILE64,C_THR65,,,,
C_THR65,C_ASP66,,,,
C_ASP66,C_GLU70,C_GLU67,,,
C_GLU67,C_MET68,C_GLN71,,,
C_MET68,C_ALA69,C_LEU72,,,
C_ALA69,C_GLU70,C_MET73,,,
C_GLU70,C_GLN71,C_THR74,C_LYS106,C_LYS105,
C_GLN71,C_LEU75,C_LEU72,,,
C_LEU72,C_MET73,C_ALA76,,,
C_MET73,C_THR74,C_TYR77,C_TRP108,,
C_THR74,C_LEU75,C_ASP78,,,
C_LEU75,C_ASN79,C_ALA76,,,
C_ALA76,C_TYR77,,,,
C_TYR77,C_LEU113,C_ASP78,,,
C_ASP78,C_ASN79,,,,
C_ASN79,C_GLY80,,,,
C_GLY80,C_ILE81,,,,
C_ILE81,C_ASN82,,,,
C_ASN82,C_VAL114,C_LEU83,,,
C_LEU83,C_PHE84,,,,
C_PHE84,C_ASP85,,,,
C_ASP85,C_LYS118,C_THR116,C_THR86,,
C_THR86,C_THR117,C_ALA87,,,
C_ALA87,C_GLU88,C_TYR90,,,
C_GLU88,C_VAL89,C_HIS135,C_ARG146,,
C_VAL89,C_TRP121,C_TYR90,,,
C_TYR90,C_ALA91,,,,
C_ALA91,C_ALA92,,,,
C_ALA92,C_GLY93,,,,
C_GLY93,C_VAL97,C_LYS94,,,
C_LYS94,C_ALA95,C_VAL98,,,
C_ALA95,C_LEU99,C_GLU96,,,
C_GLU96,C_VAL97,C_GLY100,C_ARG146,,
C_VAL97,C_ASN101,C_VAL98,,,
C_VAL98,C_LEU99,,,,
C_LEU99,C_GLY100,,,,
C_GLY100,C_ASN101,,,,
C_ASN101,C_LYS105,C_ILE102,,,
C_ILE102,C_ILE103,C_LYS106,,,
C_ILE103,C_LYS104,,,,
C_LYS104,C_LYS105,,,,
C_LYS105,C_LYS106,,,,
C_LYS106,C_GLY107,C_TRP108,,,
C_GLY107,C_TRP108,,,,
C_TRP108,C_ARG109,,,,
C_ARG109,C_SER112,C_ARG110,,,
C_ARG110,C_SER111,C_ASP153,,,
C_SER111,C_SER112,,,,
C_SER112,C_LEU113,,,,
C_LEU113,C_VAL114,,,,
C_VAL114,C_ILE115,,,,
C_ILE115,C_THR116,C_ASP153,,,
C_THR116,C_THR117,,,,
C_THR117,C_PHE156,C_LEU147,C_LYS118,,
C_LYS118,C_ILE119,C_PHE156,,,
C_ILE119,C_PHE120,,,,
C_PHE120,C_TRP121,C_ARG159,C_ASN158,,
C_TRP121,C_GLY122,,,,
C_GLY122,C_GLU128,C_GLY123,,,
C_GLY123,C_LYS124,,,,
C_LYS124,C_ALA125,,,,
C_ALA125,C_GLU128,C_GLU126,,,
C_GLU126,C_THR127,,,,
C_THR127,C_GLU128,,,,
C_GLU128,C_ARG129,,,,
C_ARG129,C_ARG159,C_ASP161,C_GLY130,,
C_GLY130,C_LEU131,,,,
C_LEU131,C_SER132,,,,
C_SER132,C_ARG133,,,,
C_ARG133,C_LYS134,C_HIS175,,,
C_LYS134,C_GLU138,C_HIS135,,,
C_HIS135,C_GLY139,C_ILE136,,,
C_ILE136,C_ILE137,,,,
C_ILE137,C_GLU138,,,,
C_GLU138,C_GLY139,C_ALA142,,,
C_GLY139,C_SER143,C_LEU140,,,
C_LEU140,C_LEU144,C_LYS141,,,
C_LYS141,C_MET181,C_ALA142,C_GLU145,,
C_ALA142,C_SER143,C_ARG146,,,
C_SER143,C_LEU147,C_LEU144,,,
C_LEU144,C_GLU145,,,,
C_GLU145,C_ARG146,,,,
C_ARG146,C_LEU147,,,,
C_LEU147,C_GLN148,,,,
C_GLN148,C_LEU149,,,,
C_LEU149,C_GLU150,,,,
C_GLU150,C_TYR151,,,,
C_TYR151,C_VAL152,,,,
C_VAL152,C_ASP153,,,,
C_ASP153,C_VAL154,C_TYR184,,,
C_VAL154,C_PHE156,C_VAL155,,,
C_VAL155,C_PHE156,C_ALA182,,,
C_PHE156,C_ALA157,C_GLN214,,,
C_ALA157,C_SER188,C_ASN158,,,
C_ASN158,C_ARG159,,,,
C_ARG159,,,,,
C_PRO160,C_ASP161,,,,
C_ASP161,C_THR164,,,,
C_PRO162,C_ASN163,,,,
C_ASN163,C_THR164,,,,
C_THR164,,,,,
C_PRO165,C_MET166,,,,
C_MET166,C_VAL170,C_GLU167,,,
C_GLU167,C_ARG171,C_GLU168,,,
C_GLU168,C_ALA172,C_THR169,,,
C_THR169,C_MET173,C_VAL170,,,
C_VAL170,C_ARG171,C_LEU207,C_THR174,,
C_ARG171,C_ALA172,C_LEU207,C_HIS175,,
C_ALA172,C_MET173,,,,
C_MET173,C_THR174,C_TRP185,,,
C_THR174,C_ASN178,C_HIS175,,,
C_HIS175,C_VAL176,,,,
C_VAL176,C_ILE177,,,,
C_ILE177,C_ASN178,,,,
C_ASN178,C_GLN179,,,,
C_GLN179,C_GLY180,,,,
C_GLY180,C_MET181,,,,
C_MET181,C_ALA182,,,,
C_ALA182,C_MET183,,,,
C_MET183,C_TYR184,,,,
C_TYR184,C_ILE211,C_TRP185,,,
C_TRP185,C_GLY186,,,,
C_GLY186,C_THR187,,,,
C_THR187,C_TRP190,C_GLU213,C_SER188,,
C_SER188,C_ARG189,,,,
C_ARG189,C_TRP190,,,,
C_TRP190,C_LYS224,C_GLU194,C_SER191,,
C_SER191,C_GLU194,C_SER192,,,
C_SER192,C_MET193,C_MET196,,,
C_MET193,C_GLU194,C_GLU197,,,
C_GLU194,C_ALA198,C_ILE195,,,
C_ILE195,C_MET196,,,,
C_MET196,C_SER200,C_GLU197,,,
C_GLU197,C_ALA198,C_VAL201,,,
C_ALA198,C_TYR199,,,,
C_TYR199,C_SER200,C_ILE236,C_ARG203,,
C_SER200,C_GLN204,C_VAL201,,,
C_VAL201,C_ALA202,,,,
C_ALA202,C_ARG203,C_LEU207,,,
C_ARG203,C_GLN204,,,,
C_GLN204,C_PHE205,,,,
C_PHE205,C_ASN206,C_LEU207,,,
C_ASN206,C_LEU207,,,,
C_LEU207,C_THR208,,,,
C_THR208,,,,,
C_PRO209,,,,,
C_PRO210,C_ILE211,,,,
C_ILE211,C_CYS212,,,,
C_CYS212,C_GLU213,,,,
C_GLU213,C_LYS224,C_GLN214,,,
C_GLN214,C_ALA215,,,,
C_ALA215,C_GLU216,,,,
C_GLU216,C_TRP243,C_HIS218,C_TYR217,,
C_TYR217,C_HIS218,C_VAL225,C_GLU226,,
C_HIS218,C_MET219,,,,
C_MET219,C_PHE220,,,,
C_PHE220,C_GLN221,,,,
C_GLN221,C_ARG222,,,,
C_ARG222,C_LYS358,C_GLU226,C_ARG313,C_ASP352,C_GLU223
C_GLU223,C_LYS224,C_VAL227,,,
C_LYS224,C_VAL225,C_GLN228,,,
C_VAL225,C_GLU226,,,,
C_GLU226,C_ARG313,C_VAL227,,,
C_VAL227,C_GLN228,C_PRO359,,,
C_GLN228,C_LEU229,,,,
C_LEU229,C_PHE233,,,,
C_PRO230,C_GLU231,C_HIS234,,,
C_GLU231,C_LEU232,C_LYS235,,,
C_LEU232,C_PHE233,C_ILE236,,,
C_PHE233,C_HIS234,,,,
C_HIS234,C_LYS235,,,,
C_LYS235,C_ILE236,,,,
C_ILE236,C_VAL238,C_GLY237,,,
C_GLY237,C_VAL238,,,,
C_VAL238,C_GLY239,,,,
C_GLY239,C_ALA240,,,,
C_ALA240,C_MET241,C_SER318,,,
C_MET241,C_THR242,,,,
C_THR242,C_TRP243,,,,
C_TRP243,C_SER244,,,,
C_SER244,,,,,
C_PRO245,C_LEU246,,,,
C_LEU246,C_ALA307,C_ALA247,,,
C_ALA247,C_CYS248,C_VAL251,,,
C_CYS248,C_GLY249,,,,
C_GLY249,C_ILE250,C_SER252,,,
C_ILE250,C_VAL251,,,,
C_VAL251,C_SER252,,,,
C_SER252,C_GLY253,,,,
C_GLY253,C_LYS254,,,,
C_LYS254,C_TYR255,,,,
C_TYR255,C_ASP256,,,,
C_ASP256,C_SER257,,,,
C_SER257,C_GLY258,,,,
C_GLY258,C_ILE259,,,,
C_ILE259,,,,,
C_PRO260,,,,,
C_PRO261,C_TYR262,,,,
C_TYR262,C_SER263,,,,
C_SER263,C_ARG264,C_SER266,,,
C_ARG264,C_ALA265,,,,
C_ALA265,C_SER266,,,,
C_SER266,C_LEU267,,,,
C_LEU267,C_LYS268,,,,
C_LYS268,C_GLY269,,,,
C_GLY269,C_TYR270,,,,
C_TYR270,C_GLN271,,,,
C_GLN271,C_TRP272,C_ASP275,,,
C_TRP272,C_LEU273,C_LYS276,,,
C_LEU273,C_ILE277,C_LYS274,,,
C_LYS274,C_LEU278,C_ASP275,,,
C_ASP275,C_LYS276,,,,
C_LYS276,C_SER279,C_ILE277,,,
C_ILE277,C_LEU278,,,,
C_LEU278,C_SER279,,,,
C_SER279,C_GLU280,,,,
C_GLU280,C_ARG284,C_GLU281,,,
C_GLU281,C_ARG284,C_GLY282,,,
C_GLY282,C_GLN286,C_ARG283,,,
C_ARG283,C_ARG284,C_ALA287,,,
C_ARG284,C_GLN285,,,,
C_GLN285,C_LEU289,C_GLN286,,,
C_GLN286,C_LYS290,C_ALA287,,,
C_ALA287,C_LYS288,,,,
C_LYS288,C_LEU292,C_LEU289,,,
C_LEU289,C_GLN293,C_LYS290,,,
C_LYS290,C_GLU291,,,,
C_GLU291,C_LEU292,C_ILE354,,,
C_LEU292,C_GLN293,C_ALA296,,,
C_GLN293,C_ALA294,C_GLU297,,,
C_ALA294,C_ILE295,C_ARG298,,,
C_ILE295,C_ALA296,C_LEU299,C_ILE354,C_GLU350,
C_ALA296,C_GLU297,C_LEU306,,,
C_GLU297,C_ARG298,,,,
C_ARG298,C_LEU299,C_GLU350,,,
C_LEU299,C_GLY300,,,,
C_GLY300,C_CYS301,,,,
C_CYS301,C_THR302,,,,
C_THR302,C_LEU303,,,,
C_LEU303,C_ALA307,,,,
C_PRO304,C_ILE308,C_GLN305,,,
C_GLN305,C_ALA309,C_LEU306,,,
C_LEU306,C_ALA307,C_TRP310,,,
C_ALA307,C_ILE308,,,,
C_ILE308,C_ALA309,C_LEU322,,,
C_ALA309,C_TRP310,C_VAL339,,,
C_TRP310,C_ARG313,C_CYS311,,,
C_CYS311,C_LEU312,,,,
C_LEU312,C_ARG313,,,,
C_ARG313,C_ASP352,C_ASN314,,,
C_ASN314,C_GLU315,,,,
C_GLU315,C_GLY316,,,,
C_GLY316,C_VAL317,,,,
C_VAL317,C_SER318,,,,
C_SER318,C_SER319,,,,
C_SER319,C_VAL320,,,,
C_VAL320,C_LEU321,,,,
C_LEU321,C_LEU322,,,,
C_LEU322,C_GLY323,,,,
C_GLY323,C_ALA324,,,,
C_ALA324,C_SER325,,,,
C_SER325,C_GLN329,C_ASN326,,,
C_ASN326,C_ALA327,,,,
C_ALA327,C_ASP328,C_MET331,,,
C_ASP328,C_GLN329,C_GLU332,,,
C_GLN329,C_ASN333,C_LEU330,,,
C_LEU330,C_ILE334,C_MET331,,,
C_MET331,C_GLU332,,,,
C_GLU332,C_ASN333,,,,
C_ASN333,C_ILE334,,,,
C_ILE334,C_ALA336,C_GLY335,,,
C_GLY335,C_ALA336,,,,
C_ALA336,C_ILE337,,,,
C_ILE337,C_GLN338,,,,
C_GLN338,C_VAL339,,,,
C_VAL339,C_LEU340,,,,
C_LEU340,,,,,
C_PRO341,C_LYS342,,,,
C_LYS342,C_LEU343,,,,
C_LEU343,C_SER344,,,,
C_SER344,C_SER345,,,,
C_SER345,C_SER346,C_HIS349,,,
C_SER346,C_ILE347,C_GLU350,,,
C_ILE347,C_ILE351,C_ILE348,,,
C_ILE348,C_ASP352,C_HIS349,,,
C_HIS349,C_SER353,C_GLU350,,,
C_GLU350,C_ILE351,C_ILE354,,,
C_ILE351,C_LEU355,C_ASP352,,,
C_ASP352,C_SER353,C_LYS358,,,
C_SER353,C_ILE354,,,,
C_ILE354,C_LEU355,,,,
C_LEU355,C_GLY356,,,,
C_GLY356,C_ASN357,,,,
C_ASN357,C_LYS358,,,,
C_LYS358,,,,,
C_PRO359,C_TYR360,,,,
C_TYR360,C_SER361,,,,
C_SER361,,,,,
