residue_name,prediction
A_SER2,0
A_LYS3,0
A_GLY4,0
A_GLU5,0
A_GLU6,0
A_LEU7,0
A_PHE8,0
A_THR9,0
A_GLY10,0
A_VAL11,0
A_VAL12,0
A_PRO13,0
A_ILE14,0
A_LEU15,0
A_VAL16,0
A_GLU17,0
A_LEU18,0
A_ASP19,0
A_GLY20,0
A_ASP21,0
A_VAL22,0
A_ASN23,0
A_GLY24,0
A_HIS25,0
A_LYS26,0
A_PHE27,0
A_SER28,0
A_VAL29,0
A_SER30,0
A_GLY31,0
A_GLU32,0
A_GLY33,0
A_GLU34,0
A_GLY35,0
A_ASP36,0
A_ALA37,0
A_THR38,0
A_TYR39,0
A_GLY40,0
A_LYS41,0
A_LEU42,0
A_THR43,0
A_LEU44,0
A_LYS45,0
A_PHE46,0
A_ILE47,0
A_CYS48,0
A_THR49,0
A_THR50,0
A_GLY51,0
A_LYS52,0
A_LEU53,0
A_PRO54,0
A_VAL55,0
A_PRO56,0
A_TRP57,0
A_PRO58,0
A_THR59,0
A_LEU60,0
A_VAL61,0
A_THR62,0
A_THR63,0
A_PHE64,0
A_VAL68,0
A_GLN69,0
A_CYS70,0
A_PHE71,0
A_SER72,0
A_ARG73,0
A_TYR74,0
A_PRO75,0
A_ASP76,0
A_HIS77,0
A_LYS79,0
A_ARG80,0
A_HIS81,0
A_ASP82,0
A_PHE83,0
A_PHE84,0
A_LYS85,0
A_SER86,0
A_ALA87,0
A_PRO89,0
A_GLU90,0
A_GLY91,0
A_TYR92,0
A_VAL93,0
A_GLN94,0
A_GLU95,0
A_ARG96,0
A_THR97,0
A_ILE98,0
A_PHE99,0
A_PHE100,0
A_LYS101,0
A_ASP102,0
A_ASP103,0
A_GLY104,0
A_ASN105,0
A_TYR106,0
A_LYS107,0
A_THR108,0
A_ARG109,0
A_ALA110,0
A_GLU111,0
A_VAL112,0
A_LYS113,0
A_PHE114,0
A_GLU115,0
A_GLY116,0
A_ASP117,0
A_THR118,0
A_LEU119,0
A_VAL120,0
A_ASN121,0
A_ARG122,0
A_ILE123,0
A_GLU124,0
A_LEU125,0
A_LYS126,0
A_GLY127,0
A_ILE128,0
A_ASP129,0
A_PHE130,0
A_LYS131,0
A_GLU132,0
A_ASP133,0
A_GLY134,0
A_ASN135,0
A_ILE136,0
A_LEU137,0
A_GLY138,0
A_HIS139,0
A_LYS140,0
A_LEU141,0
A_GLU142,0
A_TYR143,0
A_ASN144,0
A_TYR145,0
A_ASN146,0
A_SER147,0
A_HIS148,0
A_ASN149,0
A_VAL150,0
A_TYR151,0
A_ILE152,0
A_ALA154,0
A_ASP155,0
A_LYS156,0
A_GLN157,0
A_LYS158,0
A_ASN159,0
A_GLY160,0
A_ILE161,0
A_LYS162,0
A_VAL163,0
A_ASN164,0
A_PHE165,0
A_LYS166,0
A_ILE167,0
A_ARG168,0
A_HIS169,0
A_ASN170,0
A_ILE171,0
A_GLU172,0
A_ASP173,0
A_GLY174,0
A_SER175,0
A_VAL176,0
A_GLN177,0
A_LEU178,0
A_ALA179,0
A_ASP180,0
A_HIS181,0
A_TYR182,0
A_GLN183,0
A_GLN184,0
A_ASN185,0
A_THR186,0
A_PRO187,0
A_ILE188,0
A_GLY189,0
A_ASP190,0
A_GLY191,0
A_PRO192,0
A_VAL193,0
A_LEU194,0
A_LEU195,0
A_PRO196,0
A_ASP197,0
A_ASN198,0
A_HIS199,0
A_TYR200,0
A_LEU201,0
A_SER202,0
A_THR203,0
A_GLN204,0
A_SER205,0
A_ALA206,0
A_LEU207,0
A_SER208,0
A_LYS209,0
A_ASP210,0
A_PRO211,0
A_ASN212,0
A_GLU213,0
A_LYS214,0
A_ARG215,0
A_ASP216,0
A_HIS217,0
A_VAL219,0
A_LEU220,0
A_LEU221,0
A_GLU222,0
A_PHE223,0
A_VAL224,0
A_THR225,0
A_ALA226,0
A_ALA227,0
A_GLY228,0
A_ILE229,0
A_MSE78,0
A_MSE88,0
A_MSE153,0
A_MSE218,0
